<annotation>
	<folder>images</folder>
	<filename>00000047.jpg</filename>
	<path>C:\Users\jwchi\Downloads\archive (9)\dataset\dataset\train\images\00000047.jpg</path>
	<source>
		<database>Unknown</database>
	</source>
	<size>
		<width>640</width>
		<height>640</height>
		<depth>3</depth>
	</size>
	<segmented>0</segmented>
	<object>
		<name>dice</name>
		<pose>Unspecified</pose>
		<truncated>0</truncated>
		<difficult>0</difficult>
		<bndbox>
			<xmin>41</xmin>
			<ymin>237</ymin>
			<xmax>361</xmax>
			<ymax>611</ymax>
		</bndbox>
	</object>
	<object>
		<name>dice</name>
		<pose>Unspecified</pose>
		<truncated>0</truncated>
		<difficult>0</difficult>
		<bndbox>
			<xmin>194</xmin>
			<ymin>118</ymin>
			<xmax>455</xmax>
			<ymax>423</ymax>
		</bndbox>
	</object>
	<object>
		<name>dice</name>
		<pose>Unspecified</pose>
		<truncated>0</truncated>
		<difficult>0</difficult>
		<bndbox>
			<xmin>349</xmin>
			<ymin>21</ymin>
			<xmax>611</xmax>
			<ymax>294</ymax>
		</bndbox>
	</object>
</annotation>
