<annotation>
	<folder>images</folder>
	<filename>00000048.jpg</filename>
	<path>C:\Users\jwchi\Downloads\archive (9)\dataset\dataset\train\images\00000048.jpg</path>
	<source>
		<database>Unknown</database>
	</source>
	<size>
		<width>640</width>
		<height>640</height>
		<depth>3</depth>
	</size>
	<segmented>0</segmented>
	<object>
		<name>dice</name>
		<pose>Unspecified</pose>
		<truncated>0</truncated>
		<difficult>0</difficult>
		<bndbox>
			<xmin>81</xmin>
			<ymin>228</ymin>
			<xmax>133</xmax>
			<ymax>292</ymax>
		</bndbox>
	</object>
	<object>
		<name>dice</name>
		<pose>Unspecified</pose>
		<truncated>0</truncated>
		<difficult>0</difficult>
		<bndbox>
			<xmin>135</xmin>
			<ymin>232</ymin>
			<xmax>185</xmax>
			<ymax>285</ymax>
		</bndbox>
	</object>
	<object>
		<name>dice</name>
		<pose>Unspecified</pose>
		<truncated>0</truncated>
		<difficult>0</difficult>
		<bndbox>
			<xmin>441</xmin>
			<ymin>238</ymin>
			<xmax>486</xmax>
			<ymax>278</ymax>
		</bndbox>
	</object>
	<object>
		<name>dice</name>
		<pose>Unspecified</pose>
		<truncated>0</truncated>
		<difficult>0</difficult>
		<bndbox>
			<xmin>472</xmin>
			<ymin>262</ymin>
			<xmax>514</xmax>
			<ymax>302</ymax>
		</bndbox>
	</object>
	<object>
		<name>dice</name>
		<pose>Unspecified</pose>
		<truncated>0</truncated>
		<difficult>0</difficult>
		<bndbox>
			<xmin>541</xmin>
			<ymin>259</ymin>
			<xmax>587</xmax>
			<ymax>304</ymax>
		</bndbox>
	</object>
	<object>
		<name>dice</name>
		<pose>Unspecified</pose>
		<truncated>0</truncated>
		<difficult>0</difficult>
		<bndbox>
			<xmin>564</xmin>
			<ymin>237</ymin>
			<xmax>605</xmax>
			<ymax>278</ymax>
		</bndbox>
	</object>
	<object>
		<name>dice</name>
		<pose>Unspecified</pose>
		<truncated>0</truncated>
		<difficult>0</difficult>
		<bndbox>
			<xmin>517</xmin>
			<ymin>161</ymin>
			<xmax>556</xmax>
			<ymax>195</ymax>
		</bndbox>
	</object>
	<object>
		<name>dice</name>
		<pose>Unspecified</pose>
		<truncated>0</truncated>
		<difficult>0</difficult>
		<bndbox>
			<xmin>543</xmin>
			<ymin>181</ymin>
			<xmax>587</xmax>
			<ymax>217</ymax>
		</bndbox>
	</object>
</annotation>
