<annotation>
	<folder>batteries</folder>
	<filename>00000875.jpg</filename>
	<path>C:\Users\jwchi\Downloads\archive (9)\dataset\dataset\train\images\batteries\00000875.jpg</path>
	<source>
		<database>Unknown</database>
	</source>
	<size>
		<width>640</width>
		<height>640</height>
		<depth>3</depth>
	</size>
	<segmented>0</segmented>
	<object>
		<name>battery</name>
		<pose>Unspecified</pose>
		<truncated>0</truncated>
		<difficult>0</difficult>
		<bndbox>
			<xmin>63</xmin>
			<ymin>13</ymin>
			<xmax>438</xmax>
			<ymax>281</ymax>
		</bndbox>
	</object>
	<object>
		<name>battery</name>
		<pose>Unspecified</pose>
		<truncated>0</truncated>
		<difficult>0</difficult>
		<bndbox>
			<xmin>510</xmin>
			<ymin>178</ymin>
			<xmax>593</xmax>
			<ymax>459</ymax>
		</bndbox>
	</object>
	<object>
		<name>battery</name>
		<pose>Unspecified</pose>
		<truncated>0</truncated>
		<difficult>0</difficult>
		<bndbox>
			<xmin>138</xmin>
			<ymin>369</ymin>
			<xmax>205</xmax>
			<ymax>604</ymax>
		</bndbox>
	</object>
</annotation>
