<annotation>
	<folder>images</folder>
	<filename>00000019.jpg</filename>
	<path>C:\Users\jwchi\Downloads\archive (9)\dataset\dataset\train\images\00000019.jpg</path>
	<source>
		<database>Unknown</database>
	</source>
	<size>
		<width>640</width>
		<height>640</height>
		<depth>3</depth>
	</size>
	<segmented>0</segmented>
	<object>
		<name>dice</name>
		<pose>Unspecified</pose>
		<truncated>0</truncated>
		<difficult>0</difficult>
		<bndbox>
			<xmin>479</xmin>
			<ymin>411</ymin>
			<xmax>581</xmax>
			<ymax>530</ymax>
		</bndbox>
	</object>
	<object>
		<name>dice</name>
		<pose>Unspecified</pose>
		<truncated>0</truncated>
		<difficult>0</difficult>
		<bndbox>
			<xmin>342</xmin>
			<ymin>132</ymin>
			<xmax>420</xmax>
			<ymax>229</ymax>
		</bndbox>
	</object>
	<object>
		<name>dice</name>
		<pose>Unspecified</pose>
		<truncated>0</truncated>
		<difficult>0</difficult>
		<bndbox>
			<xmin>340</xmin>
			<ymin>42</ymin>
			<xmax>432</xmax>
			<ymax>142</ymax>
		</bndbox>
	</object>
	<object>
		<name>dice</name>
		<pose>Unspecified</pose>
		<truncated>0</truncated>
		<difficult>0</difficult>
		<bndbox>
			<xmin>434</xmin>
			<ymin>71</ymin>
			<xmax>527</xmax>
			<ymax>180</ymax>
		</bndbox>
	</object>
	<object>
		<name>dice</name>
		<pose>Unspecified</pose>
		<truncated>0</truncated>
		<difficult>0</difficult>
		<bndbox>
			<xmin>513</xmin>
			<ymin>190</ymin>
			<xmax>614</xmax>
			<ymax>295</ymax>
		</bndbox>
	</object>
</annotation>
