<annotation>
	<folder>batteries</folder>
	<filename>00000872.jpg</filename>
	<path>C:\Users\jwchi\Downloads\archive (9)\dataset\dataset\train\images\batteries\00000872.jpg</path>
	<source>
		<database>Unknown</database>
	</source>
	<size>
		<width>640</width>
		<height>640</height>
		<depth>3</depth>
	</size>
	<segmented>0</segmented>
	<object>
		<name>battery</name>
		<pose>Unspecified</pose>
		<truncated>0</truncated>
		<difficult>0</difficult>
		<bndbox>
			<xmin>158</xmin>
			<ymin>331</ymin>
			<xmax>213</xmax>
			<ymax>570</ymax>
		</bndbox>
	</object>
	<object>
		<name>battery</name>
		<pose>Unspecified</pose>
		<truncated>0</truncated>
		<difficult>0</difficult>
		<bndbox>
			<xmin>245</xmin>
			<ymin>334</ymin>
			<xmax>301</xmax>
			<ymax>566</ymax>
		</bndbox>
	</object>
	<object>
		<name>battery</name>
		<pose>Unspecified</pose>
		<truncated>0</truncated>
		<difficult>0</difficult>
		<bndbox>
			<xmin>336</xmin>
			<ymin>334</ymin>
			<xmax>391</xmax>
			<ymax>567</ymax>
		</bndbox>
	</object>
	<object>
		<name>battery</name>
		<pose>Unspecified</pose>
		<truncated>0</truncated>
		<difficult>0</difficult>
		<bndbox>
			<xmin>425</xmin>
			<ymin>333</ymin>
			<xmax>482</xmax>
			<ymax>569</ymax>
		</bndbox>
	</object>
</annotation>
